-- phpMyAdmin SQL Dump
-- version 4.0.6deb1
-- http://www.phpmyadmin.net
--
-- Хост: localhost
-- Время создания: Мар 29 2015 г., 11:13
-- Версия сервера: 5.5.37-0ubuntu0.13.10.1
-- Версия PHP: 5.5.3-1ubuntu2.6

SET SQL_MODE = "NO_AUTO_VALUE_ON_ZERO";
SET time_zone = "+00:00";


/*!40101 SET @OLD_CHARACTER_SET_CLIENT=@@CHARACTER_SET_CLIENT */;
/*!40101 SET @OLD_CHARACTER_SET_RESULTS=@@CHARACTER_SET_RESULTS */;
/*!40101 SET @OLD_COLLATION_CONNECTION=@@COLLATION_CONNECTION */;
/*!40101 SET NAMES utf8 */;

--
-- База данных: `basketball`
--

-- --------------------------------------------------------

--
-- Структура таблицы `matches`
--

CREATE TABLE IF NOT EXISTS `matches` (
  `id` int(11) NOT NULL AUTO_INCREMENT,
  `team1_id` int(11) NOT NULL,
  `team2_id` int(11) NOT NULL,
  `date` int(11) NOT NULL,
  `result` varchar(10) COLLATE utf8_unicode_ci DEFAULT NULL,
  PRIMARY KEY (`id`)
) ENGINE=InnoDB  DEFAULT CHARSET=utf8 COLLATE=utf8_unicode_ci AUTO_INCREMENT=11 ;

--
-- Дамп данных таблицы `matches`
--

INSERT INTO `matches` (`id`, `team1_id`, `team2_id`, `date`, `result`) VALUES
(10, 1, 2, 1427541192, '71 : 91');

-- --------------------------------------------------------

--
-- Структура таблицы `match_events`
--

CREATE TABLE IF NOT EXISTS `match_events` (
  `id` int(11) NOT NULL AUTO_INCREMENT,
  `match_id` int(11) NOT NULL,
  `team` tinyint(1) NOT NULL COMMENT '1 или 2',
  `player_id` int(11) NOT NULL,
  `event_type` int(11) NOT NULL COMMENT 'Тип события (пас, гол и т.п.)',
  `possession` tinyint(3) NOT NULL DEFAULT '50' COMMENT 'Владение мячом в процентах (1 команда)',
  `points1` smallint(6) NOT NULL DEFAULT '0' COMMENT 'Очки первой команды',
  `points2` smallint(6) NOT NULL DEFAULT '0' COMMENT 'Очки второй команды',
  `player2_id` int(11) DEFAULT NULL COMMENT 'ID второго игрока, участвующего в событии',
  `time` int(11) NOT NULL,
  PRIMARY KEY (`id`)
) ENGINE=InnoDB  DEFAULT CHARSET=utf32 COLLATE=utf32_unicode_ci AUTO_INCREMENT=502 ;

--
-- Дамп данных таблицы `match_events`
--

INSERT INTO `match_events` (`id`, `match_id`, `team`, `player_id`, `event_type`, `possession`, `points1`, `points2`, `player2_id`, `time`) VALUES
(1, 10, 1, 2, 6, 2, 0, 0, NULL, 0),
(2, 10, 1, 2, 3, 3, 3, 0, NULL, 9),
(3, 10, 2, 13, 4, 3, 3, 0, NULL, 19),
(4, 10, 2, 13, 5, 3, 3, 0, 10, 28),
(5, 10, 2, 10, 5, 3, 3, 0, 9, 38),
(6, 10, 2, 9, 1, 3, 3, 0, 0, 48),
(7, 10, 1, 5, 4, 4, 3, 0, NULL, 57),
(8, 10, 1, 5, 5, 5, 3, 0, 6, 67),
(9, 10, 1, 6, 5, 6, 3, 0, 3, 76),
(10, 10, 1, 3, 5, 7, 3, 0, 4, 86),
(11, 10, 1, 4, 7, 8, 3, 0, 10, 96),
(12, 10, 1, 10, 7, 9, 3, 0, 14, 105),
(13, 10, 1, 14, 2, 10, 5, 0, NULL, 115),
(14, 10, 2, 14, 4, 10, 5, 0, NULL, 124),
(15, 10, 2, 14, 7, 10, 5, 0, 5, 134),
(16, 10, 2, 5, 3, 10, 5, 3, NULL, 144),
(17, 10, 1, 7, 4, 11, 5, 3, NULL, 153),
(18, 10, 1, 7, 5, 12, 5, 3, 1, 163),
(19, 10, 1, 1, 5, 13, 5, 3, 4, 172),
(20, 10, 1, 4, 7, 14, 5, 3, 9, 182),
(21, 10, 1, 9, 5, 15, 5, 3, 4, 192),
(22, 10, 1, 4, 7, 16, 5, 3, 11, 201),
(23, 10, 1, 11, 7, 17, 5, 3, 8, 211),
(24, 10, 1, 8, 1, 18, 5, 3, 0, 220),
(25, 10, 2, 11, 4, 18, 5, 3, NULL, 230),
(26, 10, 2, 11, 7, 18, 5, 3, 2, 240),
(27, 10, 2, 2, 7, 18, 5, 3, 1, 249),
(28, 10, 2, 1, 7, 18, 5, 3, 7, 259),
(29, 10, 2, 7, 5, 18, 5, 3, 8, 268),
(30, 10, 2, 8, 1, 18, 5, 3, 0, 278),
(31, 10, 1, 1, 4, 19, 5, 3, NULL, 288),
(32, 10, 1, 1, 5, 20, 5, 3, 3, 297),
(33, 10, 1, 3, 5, 21, 5, 3, 4, 307),
(34, 10, 1, 4, 1, 22, 5, 3, 0, 316),
(35, 10, 2, 12, 4, 22, 5, 3, NULL, 326),
(36, 10, 2, 12, 2, 22, 5, 5, NULL, 336),
(37, 10, 1, 3, 4, 23, 5, 5, NULL, 345),
(38, 10, 1, 3, 7, 24, 5, 5, 11, 355),
(39, 10, 1, 11, 1, 25, 5, 5, 0, 364),
(40, 10, 2, 13, 4, 25, 5, 5, NULL, 374),
(41, 10, 2, 13, 5, 25, 5, 5, 12, 384),
(42, 10, 2, 12, 1, 25, 5, 5, 0, 393),
(43, 10, 1, 7, 4, 26, 5, 5, NULL, 403),
(44, 10, 1, 7, 7, 27, 5, 5, 9, 412),
(45, 10, 1, 9, 1, 28, 5, 5, 0, 422),
(46, 10, 2, 13, 4, 28, 5, 5, NULL, 432),
(47, 10, 2, 13, 5, 28, 5, 5, 14, 441),
(48, 10, 2, 14, 5, 28, 5, 5, 13, 451),
(49, 10, 2, 13, 5, 28, 5, 5, 8, 460),
(50, 10, 2, 8, 2, 28, 5, 7, NULL, 470),
(51, 10, 1, 3, 4, 29, 5, 7, NULL, 480),
(52, 10, 1, 3, 5, 30, 5, 7, 5, 489),
(53, 10, 1, 5, 1, 31, 5, 7, 0, 499),
(54, 10, 2, 9, 4, 31, 5, 7, NULL, 508),
(55, 10, 2, 9, 5, 31, 5, 7, 13, 518),
(56, 10, 2, 13, 3, 31, 5, 10, NULL, 528),
(57, 10, 1, 6, 4, 32, 5, 10, NULL, 537),
(58, 10, 1, 6, 2, 33, 7, 10, NULL, 547),
(59, 10, 2, 12, 4, 33, 7, 10, NULL, 556),
(60, 10, 2, 12, 5, 33, 7, 10, 10, 566),
(61, 10, 2, 10, 7, 33, 7, 10, 4, 576),
(62, 10, 2, 4, 5, 33, 7, 10, 9, 585),
(63, 10, 2, 9, 7, 33, 7, 10, 6, 595),
(64, 10, 2, 6, 2, 33, 7, 12, NULL, 604),
(65, 10, 1, 5, 4, 34, 7, 12, NULL, 614),
(66, 10, 1, 5, 7, 35, 7, 12, 14, 624),
(67, 10, 1, 14, 3, 36, 10, 12, NULL, 633),
(68, 10, 2, 14, 4, 36, 10, 12, NULL, 643),
(69, 10, 2, 14, 1, 36, 10, 12, 0, 652),
(70, 10, 1, 6, 4, 37, 10, 12, NULL, 662),
(71, 10, 1, 6, 2, 38, 12, 12, NULL, 672),
(72, 10, 2, 14, 4, 38, 12, 12, NULL, 681),
(73, 10, 2, 14, 5, 38, 12, 12, 9, 691),
(74, 10, 2, 9, 5, 38, 12, 12, 14, 700),
(75, 10, 2, 14, 5, 38, 12, 12, 12, 710),
(76, 10, 2, 12, 5, 38, 12, 12, 8, 719),
(77, 10, 2, 8, 1, 38, 12, 12, 0, 729),
(78, 10, 1, 6, 4, 39, 12, 12, NULL, 739),
(79, 10, 1, 6, 1, 40, 12, 12, 0, 748),
(80, 10, 2, 14, 4, 40, 12, 12, NULL, 758),
(81, 10, 2, 14, 1, 40, 12, 12, 0, 768),
(82, 10, 1, 1, 4, 41, 12, 12, NULL, 777),
(83, 10, 1, 1, 5, 42, 12, 12, 2, 787),
(84, 10, 1, 2, 2, 43, 14, 12, NULL, 796),
(85, 10, 2, 10, 4, 43, 14, 12, NULL, 806),
(86, 10, 2, 10, 5, 43, 14, 12, 13, 816),
(87, 10, 2, 13, 5, 43, 14, 12, 10, 825),
(88, 10, 2, 10, 5, 43, 14, 12, 9, 835),
(89, 10, 2, 9, 5, 43, 14, 12, 11, 844),
(90, 10, 2, 11, 7, 43, 14, 12, 3, 854),
(91, 10, 2, 3, 7, 43, 14, 12, 2, 864),
(92, 10, 2, 2, 2, 43, 14, 14, NULL, 873),
(93, 10, 1, 7, 4, 44, 14, 14, NULL, 883),
(94, 10, 1, 7, 5, 45, 14, 14, 4, 892),
(95, 10, 1, 4, 2, 46, 16, 14, NULL, 902),
(96, 10, 2, 10, 4, 46, 16, 14, NULL, 912),
(97, 10, 2, 10, 2, 46, 16, 16, NULL, 921),
(98, 10, 1, 4, 4, 47, 16, 16, NULL, 931),
(99, 10, 1, 4, 3, 48, 19, 16, NULL, 940),
(100, 10, 2, 13, 4, 48, 19, 16, NULL, 950),
(101, 10, 2, 13, 5, 48, 19, 16, 10, 960),
(102, 10, 2, 10, 7, 48, 19, 16, 1, 969),
(103, 10, 2, 1, 7, 48, 19, 16, 3, 979),
(104, 10, 2, 3, 1, 48, 19, 16, 0, 988),
(105, 10, 1, 2, 4, 49, 19, 16, NULL, 998),
(106, 10, 1, 2, 1, 50, 19, 16, 0, 1008),
(107, 10, 2, 11, 4, 50, 19, 16, NULL, 1017),
(108, 10, 2, 11, 5, 50, 19, 16, 12, 1027),
(109, 10, 2, 12, 2, 50, 19, 18, NULL, 1036),
(110, 10, 1, 6, 4, 51, 19, 18, NULL, 1046),
(111, 10, 1, 6, 7, 52, 19, 18, 11, 1056),
(112, 10, 1, 11, 5, 53, 19, 18, 3, 1065),
(113, 10, 1, 3, 7, 54, 19, 18, 12, 1075),
(114, 10, 1, 12, 2, 55, 21, 18, NULL, 1084),
(115, 10, 2, 9, 4, 55, 21, 18, NULL, 1094),
(116, 10, 2, 9, 1, 55, 21, 18, 0, 1104),
(117, 10, 1, 2, 4, 56, 21, 18, NULL, 1113),
(118, 10, 1, 2, 2, 57, 23, 18, NULL, 1123),
(119, 10, 2, 13, 4, 57, 23, 18, NULL, 1132),
(120, 10, 2, 13, 7, 57, 23, 18, 3, 1142),
(121, 10, 2, 3, 5, 57, 23, 18, 13, 1152),
(122, 10, 2, 13, 7, 57, 23, 18, 7, 1161),
(123, 10, 2, 7, 3, 57, 23, 21, NULL, 1171),
(124, 10, 1, 2, 4, 58, 23, 21, NULL, 1180),
(125, 10, 1, 2, 5, 59, 23, 21, 1, 1190),
(126, 10, 1, 1, 2, 60, 25, 21, NULL, 1200),
(127, 10, 2, 12, 4, 60, 25, 21, NULL, 1209),
(128, 10, 2, 12, 7, 60, 25, 21, 3, 1219),
(129, 10, 2, 3, 2, 60, 25, 23, NULL, 1228),
(130, 10, 1, 4, 4, 61, 25, 23, NULL, 1238),
(131, 10, 1, 4, 5, 62, 25, 23, 2, 1248),
(132, 10, 1, 2, 5, 63, 25, 23, 5, 1257),
(133, 10, 1, 5, 5, 64, 25, 23, 4, 1267),
(134, 10, 1, 4, 2, 65, 27, 23, NULL, 1276),
(135, 10, 2, 10, 4, 65, 27, 23, NULL, 1286),
(136, 10, 2, 10, 5, 65, 27, 23, 9, 1296),
(137, 10, 2, 9, 2, 65, 27, 25, NULL, 1305),
(138, 10, 1, 4, 4, 66, 27, 25, NULL, 1315),
(139, 10, 1, 4, 5, 67, 27, 25, 6, 1324),
(140, 10, 1, 6, 7, 68, 27, 25, 13, 1334),
(141, 10, 1, 13, 5, 69, 27, 25, 1, 1344),
(142, 10, 1, 1, 2, 70, 29, 25, NULL, 1353),
(143, 10, 2, 12, 4, 70, 29, 25, NULL, 1363),
(144, 10, 2, 12, 5, 70, 29, 25, 13, 1372),
(145, 10, 2, 13, 5, 70, 29, 25, 12, 1382),
(146, 10, 2, 12, 7, 70, 29, 25, 6, 1391),
(147, 10, 2, 6, 2, 70, 29, 27, NULL, 1401),
(148, 10, 1, 7, 4, 71, 29, 27, NULL, 1411),
(149, 10, 1, 7, 5, 72, 29, 27, 1, 1420),
(150, 10, 1, 1, 1, 73, 29, 27, 0, 1430),
(151, 10, 2, 8, 4, 73, 29, 27, NULL, 1439),
(152, 10, 2, 8, 5, 73, 29, 27, 12, 1449),
(153, 10, 2, 12, 7, 73, 29, 27, 5, 1459),
(154, 10, 2, 5, 7, 73, 29, 27, 3, 1468),
(155, 10, 2, 3, 7, 73, 29, 27, 2, 1478),
(156, 10, 2, 2, 7, 73, 29, 27, 5, 1488),
(157, 10, 2, 5, 2, 73, 29, 29, NULL, 1497),
(158, 10, 1, 4, 4, 74, 29, 29, NULL, 1507),
(159, 10, 1, 4, 5, 75, 29, 29, 5, 1516),
(160, 10, 1, 5, 5, 76, 29, 29, 3, 1526),
(161, 10, 1, 3, 5, 77, 29, 29, 1, 1536),
(162, 10, 1, 1, 5, 78, 29, 29, 6, 1545),
(163, 10, 1, 6, 7, 79, 29, 29, 8, 1555),
(164, 10, 1, 8, 7, 80, 29, 29, 11, 1564),
(165, 10, 1, 11, 5, 81, 29, 29, 5, 1574),
(166, 10, 1, 5, 2, 82, 31, 29, NULL, 1584),
(167, 10, 2, 11, 4, 82, 31, 29, NULL, 1593),
(168, 10, 2, 11, 1, 82, 31, 29, 0, 1603),
(169, 10, 1, 7, 4, 83, 31, 29, NULL, 1612),
(170, 10, 1, 7, 1, 84, 31, 29, 0, 1622),
(171, 10, 2, 8, 4, 84, 31, 29, NULL, 1632),
(172, 10, 2, 8, 7, 84, 31, 29, 1, 1641),
(173, 10, 2, 1, 7, 84, 31, 29, 4, 1651),
(174, 10, 2, 4, 1, 84, 31, 29, 0, 1660),
(175, 10, 1, 4, 4, 85, 31, 29, NULL, 1670),
(176, 10, 1, 4, 1, 86, 31, 29, 0, 1679),
(177, 10, 2, 9, 4, 86, 31, 29, NULL, 1689),
(178, 10, 2, 9, 5, 86, 31, 29, 14, 1699),
(179, 10, 2, 14, 2, 86, 31, 31, NULL, 1708),
(180, 10, 1, 2, 4, 87, 31, 31, NULL, 1718),
(181, 10, 1, 2, 1, 88, 31, 31, 0, 1728),
(182, 10, 2, 10, 4, 88, 31, 31, NULL, 1737),
(183, 10, 2, 10, 2, 88, 31, 33, NULL, 1747),
(184, 10, 1, 6, 4, 89, 31, 33, NULL, 1756),
(185, 10, 1, 6, 1, 90, 31, 33, 0, 1766),
(186, 10, 2, 14, 4, 90, 31, 33, NULL, 1775),
(187, 10, 2, 14, 1, 90, 31, 33, 0, 1785),
(188, 10, 1, 1, 4, 91, 31, 33, NULL, 1795),
(189, 10, 1, 1, 5, 92, 31, 33, 3, 1804),
(190, 10, 1, 3, 5, 93, 31, 33, 1, 1814),
(191, 10, 1, 1, 7, 94, 31, 33, 8, 1824),
(192, 10, 1, 8, 7, 95, 31, 33, 12, 1833),
(193, 10, 1, 12, 1, 96, 31, 33, 0, 1843),
(194, 10, 2, 12, 4, 96, 31, 33, NULL, 1852),
(195, 10, 2, 12, 1, 96, 31, 33, 0, 1862),
(196, 10, 1, 1, 4, 97, 31, 33, NULL, 1872),
(197, 10, 1, 1, 7, 98, 31, 33, 13, 1881),
(198, 10, 1, 13, 1, 99, 31, 33, 0, 1891),
(199, 10, 2, 12, 4, 99, 31, 33, NULL, 1900),
(200, 10, 2, 12, 5, 99, 31, 33, 13, 1910),
(201, 10, 2, 13, 3, 99, 31, 36, NULL, 1920),
(202, 10, 1, 1, 4, 100, 31, 36, NULL, 1929),
(203, 10, 1, 1, 1, 101, 31, 36, 0, 1939),
(204, 10, 2, 14, 4, 101, 31, 36, NULL, 1948),
(205, 10, 2, 14, 5, 101, 31, 36, 10, 1958),
(206, 10, 2, 10, 7, 101, 31, 36, 4, 1968),
(207, 10, 2, 4, 5, 101, 31, 36, 11, 1977),
(208, 10, 2, 11, 2, 101, 31, 38, NULL, 1987),
(209, 10, 1, 1, 4, 102, 31, 38, NULL, 1996),
(210, 10, 1, 1, 7, 103, 31, 38, 13, 2006),
(211, 10, 1, 13, 5, 104, 31, 38, 1, 2016),
(212, 10, 1, 1, 7, 105, 31, 38, 13, 2025),
(213, 10, 1, 13, 7, 106, 31, 38, 14, 2035),
(214, 10, 1, 14, 5, 107, 31, 38, 5, 2044),
(215, 10, 1, 5, 5, 108, 31, 38, 7, 2054),
(216, 10, 1, 7, 2, 109, 33, 38, NULL, 2064),
(217, 10, 2, 12, 4, 109, 33, 38, NULL, 2073),
(218, 10, 2, 12, 1, 109, 33, 38, 0, 2083),
(219, 10, 1, 4, 4, 110, 33, 38, NULL, 2092),
(220, 10, 1, 4, 7, 111, 33, 38, 9, 2102),
(221, 10, 1, 9, 7, 112, 33, 38, 8, 2112),
(222, 10, 1, 8, 3, 113, 36, 38, NULL, 2121),
(223, 10, 2, 11, 4, 113, 36, 38, NULL, 2131),
(224, 10, 2, 11, 5, 113, 36, 38, 12, 2140),
(225, 10, 2, 12, 1, 113, 36, 38, 0, 2150),
(226, 10, 1, 6, 4, 114, 36, 38, NULL, 2160),
(227, 10, 1, 6, 5, 115, 36, 38, 5, 2169),
(228, 10, 1, 5, 1, 116, 36, 38, 0, 2179),
(229, 10, 2, 8, 4, 116, 36, 38, NULL, 2188),
(230, 10, 2, 8, 7, 116, 36, 38, 3, 2198),
(231, 10, 2, 3, 3, 116, 36, 41, NULL, 2208),
(232, 10, 1, 3, 4, 117, 36, 41, NULL, 2217),
(233, 10, 1, 3, 5, 118, 36, 41, 7, 2227),
(234, 10, 1, 7, 5, 119, 36, 41, 5, 2236),
(235, 10, 1, 5, 5, 120, 36, 41, 7, 2246),
(236, 10, 1, 7, 5, 121, 36, 41, 4, 2256),
(237, 10, 1, 4, 5, 122, 36, 41, 7, 2265),
(238, 10, 1, 7, 2, 123, 38, 41, NULL, 2275),
(239, 10, 2, 12, 4, 123, 38, 41, NULL, 2284),
(240, 10, 2, 12, 2, 123, 38, 43, NULL, 2294),
(241, 10, 1, 6, 4, 124, 38, 43, NULL, 2304),
(242, 10, 1, 6, 5, 125, 38, 43, 5, 2313),
(243, 10, 1, 5, 5, 126, 38, 43, 4, 2323),
(244, 10, 1, 4, 7, 127, 38, 43, 9, 2332),
(245, 10, 1, 9, 5, 127, 38, 43, 4, 2342),
(246, 10, 1, 4, 5, 127, 38, 43, 5, 2352),
(247, 10, 1, 5, 7, 127, 38, 43, 14, 2361),
(248, 10, 1, 14, 5, 127, 38, 43, 4, 2371),
(249, 10, 1, 4, 1, 127, 38, 43, 0, 2380),
(250, 10, 2, 13, 4, 127, 38, 43, NULL, 2390),
(251, 10, 2, 13, 1, 127, 38, 43, 0, 2400),
(252, 10, 1, 4, 4, 127, 38, 43, NULL, 2409),
(253, 10, 1, 4, 3, 127, 41, 43, NULL, 2419),
(254, 10, 2, 14, 4, 127, 41, 43, NULL, 2428),
(255, 10, 2, 14, 7, 127, 41, 43, 6, 2438),
(256, 10, 2, 6, 5, 127, 41, 43, 9, 2448),
(257, 10, 2, 9, 1, 127, 41, 43, 0, 2457),
(258, 10, 1, 6, 4, 127, 41, 43, NULL, 2467),
(259, 10, 1, 6, 7, 127, 41, 43, 14, 2476),
(260, 10, 1, 14, 7, 127, 41, 43, 9, 2486),
(261, 10, 1, 9, 5, 127, 41, 43, 3, 2496),
(262, 10, 1, 3, 1, 127, 41, 43, 0, 2505),
(263, 10, 2, 8, 4, 127, 41, 43, NULL, 2515),
(264, 10, 2, 8, 5, 127, 41, 43, 14, 2524),
(265, 10, 2, 14, 2, 127, 41, 45, NULL, 2534),
(266, 10, 1, 3, 4, 127, 41, 45, NULL, 2544),
(267, 10, 1, 3, 5, 127, 41, 45, 7, 2553),
(268, 10, 1, 7, 7, 127, 41, 45, 10, 2563),
(269, 10, 1, 10, 2, 127, 43, 45, NULL, 2572),
(270, 10, 2, 8, 4, 127, 43, 45, NULL, 2582),
(271, 10, 2, 8, 5, 127, 43, 45, 12, 2592),
(272, 10, 2, 12, 2, 127, 43, 47, NULL, 2601),
(273, 10, 1, 5, 4, 127, 43, 47, NULL, 2611),
(274, 10, 1, 5, 1, 127, 43, 47, 0, 2620),
(275, 10, 2, 13, 4, 127, 43, 47, NULL, 2630),
(276, 10, 2, 13, 7, 127, 43, 47, 5, 2640),
(277, 10, 2, 5, 7, 127, 43, 47, 4, 2649),
(278, 10, 2, 4, 7, 127, 43, 47, 7, 2659),
(279, 10, 2, 7, 1, 127, 43, 47, 0, 2668),
(280, 10, 1, 4, 4, 127, 43, 47, NULL, 2678),
(281, 10, 1, 4, 2, 127, 45, 47, NULL, 2688),
(282, 10, 2, 13, 4, 127, 45, 47, NULL, 2697),
(283, 10, 2, 13, 5, 127, 45, 47, 9, 2707),
(284, 10, 2, 9, 5, 127, 45, 47, 10, 2716),
(285, 10, 2, 10, 5, 127, 45, 47, 8, 2726),
(286, 10, 2, 8, 5, 127, 45, 47, 13, 2736),
(287, 10, 2, 13, 5, 127, 45, 47, 9, 2745),
(288, 10, 2, 9, 1, 127, 45, 47, 0, 2755),
(289, 10, 1, 2, 4, 127, 45, 47, NULL, 2764),
(290, 10, 1, 2, 7, 127, 45, 47, 12, 2774),
(291, 10, 1, 12, 7, 127, 45, 47, 14, 2783),
(292, 10, 1, 14, 1, 127, 45, 47, 0, 2793),
(293, 10, 2, 12, 4, 127, 45, 47, NULL, 2803),
(294, 10, 2, 12, 2, 127, 45, 49, NULL, 2812),
(295, 10, 1, 2, 4, 127, 45, 49, NULL, 2822),
(296, 10, 1, 2, 1, 127, 45, 49, 0, 2832),
(297, 10, 2, 10, 4, 127, 45, 49, NULL, 2841),
(298, 10, 2, 10, 2, 127, 45, 51, NULL, 2851),
(299, 10, 1, 4, 4, 127, 45, 51, NULL, 2860),
(300, 10, 1, 4, 7, 127, 45, 51, 14, 2870),
(301, 10, 1, 14, 5, 127, 45, 51, 5, 2879),
(302, 10, 1, 5, 5, 127, 45, 51, 4, 2889),
(303, 10, 1, 4, 7, 127, 45, 51, 10, 2899),
(304, 10, 1, 10, 2, 127, 47, 51, NULL, 2908),
(305, 10, 2, 9, 4, 127, 47, 51, NULL, 2918),
(306, 10, 2, 9, 2, 127, 47, 53, NULL, 2928),
(307, 10, 1, 7, 4, 127, 47, 53, NULL, 2937),
(308, 10, 1, 7, 1, 127, 47, 53, 0, 2947),
(309, 10, 2, 9, 4, 127, 47, 53, NULL, 2956),
(310, 10, 2, 9, 5, 127, 47, 53, 10, 2966),
(311, 10, 2, 10, 5, 127, 47, 53, 9, 2976),
(312, 10, 2, 9, 5, 127, 47, 53, 13, 2985),
(313, 10, 2, 13, 1, 127, 47, 53, 0, 2995),
(314, 10, 1, 1, 4, 127, 47, 53, NULL, 3004),
(315, 10, 1, 1, 7, 127, 47, 53, 8, 3014),
(316, 10, 1, 8, 3, 127, 50, 53, NULL, 3024),
(317, 10, 2, 9, 4, 127, 50, 53, NULL, 3033),
(318, 10, 2, 9, 7, 127, 50, 53, 2, 3043),
(319, 10, 2, 2, 7, 127, 50, 53, 1, 3052),
(320, 10, 2, 1, 7, 127, 50, 53, 2, 3062),
(321, 10, 2, 2, 7, 127, 50, 53, 4, 3072),
(322, 10, 2, 4, 7, 127, 50, 53, 6, 3081),
(323, 10, 2, 6, 7, 127, 50, 53, 4, 3091),
(324, 10, 2, 4, 7, 127, 50, 53, 3, 3100),
(325, 10, 2, 3, 5, 127, 50, 53, 12, 3110),
(326, 10, 2, 12, 7, 127, 50, 53, 7, 3120),
(327, 10, 2, 7, 5, 127, 50, 53, 8, 3129),
(328, 10, 2, 8, 5, 127, 50, 53, 11, 3139),
(329, 10, 2, 11, 5, 127, 50, 53, 10, 3148),
(330, 10, 2, 10, 1, 127, 50, 53, 0, 3158),
(331, 10, 1, 1, 4, 127, 50, 53, NULL, 3168),
(332, 10, 1, 1, 1, 127, 50, 53, 0, 3177),
(333, 10, 2, 12, 4, 127, 50, 53, NULL, 3187),
(334, 10, 2, 12, 7, 127, 50, 53, 1, 3196),
(335, 10, 2, 1, 7, 127, 50, 53, 7, 3206),
(336, 10, 2, 7, 7, 127, 50, 53, 2, 3216),
(337, 10, 2, 2, 1, 127, 50, 53, 0, 3225),
(338, 10, 1, 5, 4, 127, 50, 53, NULL, 3235),
(339, 10, 1, 5, 5, 127, 50, 53, 7, 3244),
(340, 10, 1, 7, 5, 127, 50, 53, 1, 3254),
(341, 10, 1, 1, 1, 127, 50, 53, 0, 3264),
(342, 10, 2, 10, 4, 127, 50, 53, NULL, 3273),
(343, 10, 2, 10, 1, 127, 50, 53, 0, 3283),
(344, 10, 1, 5, 4, 127, 50, 53, NULL, 3292),
(345, 10, 1, 5, 5, 127, 50, 53, 1, 3302),
(346, 10, 1, 1, 1, 127, 50, 53, 0, 3311),
(347, 10, 2, 12, 4, 127, 50, 53, NULL, 3321),
(348, 10, 2, 12, 7, 127, 50, 53, 5, 3331),
(349, 10, 2, 5, 5, 127, 50, 53, 13, 3340),
(350, 10, 2, 13, 7, 127, 50, 53, 4, 3350),
(351, 10, 2, 4, 2, 127, 50, 55, NULL, 3359),
(352, 10, 1, 1, 4, 127, 50, 55, NULL, 3369),
(353, 10, 1, 1, 5, 127, 50, 55, 2, 3379),
(354, 10, 1, 2, 1, 127, 50, 55, 0, 3388),
(355, 10, 2, 8, 4, 127, 50, 55, NULL, 3398),
(356, 10, 2, 8, 7, 127, 50, 55, 6, 3408),
(357, 10, 2, 6, 7, 127, 50, 55, 1, 3417),
(358, 10, 2, 1, 2, 127, 50, 57, NULL, 3427),
(359, 10, 1, 1, 4, 127, 50, 57, NULL, 3436),
(360, 10, 1, 1, 5, 127, 50, 57, 7, 3446),
(361, 10, 1, 7, 5, 127, 50, 57, 2, 3456),
(362, 10, 1, 2, 5, 127, 50, 57, 1, 3465),
(363, 10, 1, 1, 3, 127, 53, 57, NULL, 3475),
(364, 10, 2, 11, 4, 127, 53, 57, NULL, 3484),
(365, 10, 2, 11, 5, 127, 53, 57, 13, 3494),
(366, 10, 2, 13, 3, 127, 53, 60, NULL, 3504),
(367, 10, 1, 2, 4, 127, 53, 60, NULL, 3513),
(368, 10, 1, 2, 3, 127, 56, 60, NULL, 3523),
(369, 10, 2, 9, 4, 127, 56, 60, NULL, 3532),
(370, 10, 2, 9, 5, 127, 56, 60, 11, 3542),
(371, 10, 2, 11, 5, 127, 56, 60, 9, 3551),
(372, 10, 2, 9, 7, 127, 56, 60, 1, 3561),
(373, 10, 2, 1, 7, 127, 56, 60, 7, 3571),
(374, 10, 2, 7, 3, 127, 56, 63, NULL, 3580),
(375, 10, 1, 5, 4, 127, 56, 63, NULL, 3590),
(376, 10, 1, 5, 1, 127, 56, 63, 0, 3600),
(377, 10, 2, 11, 4, 127, 56, 63, NULL, 3609),
(378, 10, 2, 11, 5, 127, 56, 63, 10, 3619),
(379, 10, 2, 10, 5, 127, 56, 63, 12, 3628),
(380, 10, 2, 12, 5, 127, 56, 63, 11, 3638),
(381, 10, 2, 11, 1, 127, 56, 63, 0, 3648),
(382, 10, 1, 1, 4, 127, 56, 63, NULL, 3657),
(383, 10, 1, 1, 1, 127, 56, 63, 0, 3667),
(384, 10, 2, 8, 4, 127, 56, 63, NULL, 3676),
(385, 10, 2, 8, 5, 127, 56, 63, 14, 3686),
(386, 10, 2, 14, 3, 127, 56, 66, NULL, 3696),
(387, 10, 1, 6, 4, 127, 56, 66, NULL, 3705),
(388, 10, 1, 6, 7, 127, 56, 66, 9, 3715),
(389, 10, 1, 9, 7, 127, 56, 66, 13, 3724),
(390, 10, 1, 13, 1, 127, 56, 66, 0, 3734),
(391, 10, 2, 13, 4, 127, 56, 66, NULL, 3744),
(392, 10, 2, 13, 5, 127, 56, 66, 11, 3753),
(393, 10, 2, 11, 1, 127, 56, 66, 0, 3763),
(394, 10, 1, 2, 4, 127, 56, 66, NULL, 3772),
(395, 10, 1, 2, 5, 127, 56, 66, 3, 3782),
(396, 10, 1, 3, 7, 127, 56, 66, 11, 3792),
(397, 10, 1, 11, 5, 127, 56, 66, 6, 3801),
(398, 10, 1, 6, 5, 127, 56, 66, 5, 3811),
(399, 10, 1, 5, 5, 127, 56, 66, 3, 3820),
(400, 10, 1, 3, 2, 127, 58, 66, NULL, 3830),
(401, 10, 2, 14, 4, 127, 58, 66, NULL, 3840),
(402, 10, 2, 14, 2, 127, 58, 68, NULL, 3849),
(403, 10, 1, 1, 4, 127, 58, 68, NULL, 3859),
(404, 10, 1, 1, 5, 127, 58, 68, 6, 3868),
(405, 10, 1, 6, 1, 127, 58, 68, 0, 3878),
(406, 10, 2, 9, 4, 127, 58, 68, NULL, 3888),
(407, 10, 2, 9, 7, 127, 58, 68, 7, 3897),
(408, 10, 2, 7, 7, 127, 58, 68, 6, 3907),
(409, 10, 2, 6, 2, 127, 58, 70, NULL, 3916),
(410, 10, 1, 2, 4, 127, 58, 70, NULL, 3926),
(411, 10, 1, 2, 7, 127, 58, 70, 8, 3936),
(412, 10, 1, 8, 7, 127, 58, 70, 13, 3945),
(413, 10, 1, 13, 1, 127, 58, 70, 0, 3955),
(414, 10, 2, 14, 4, 127, 58, 70, NULL, 3964),
(415, 10, 2, 14, 5, 127, 58, 70, 8, 3974),
(416, 10, 2, 8, 7, 127, 58, 70, 1, 3983),
(417, 10, 2, 1, 3, 127, 58, 73, NULL, 3993),
(418, 10, 1, 2, 4, 127, 58, 73, NULL, 4003),
(419, 10, 1, 2, 2, 127, 60, 73, NULL, 4012),
(420, 10, 2, 10, 4, 127, 60, 73, NULL, 4022),
(421, 10, 2, 10, 5, 127, 60, 73, 8, 4032),
(422, 10, 2, 8, 2, 127, 60, 75, NULL, 4041),
(423, 10, 1, 6, 4, 127, 60, 75, NULL, 4051),
(424, 10, 1, 6, 3, 127, 63, 75, NULL, 4060),
(425, 10, 2, 10, 4, 127, 63, 75, NULL, 4070),
(426, 10, 2, 10, 7, 127, 63, 75, 4, 4079),
(427, 10, 2, 4, 5, 127, 63, 75, 14, 4089),
(428, 10, 2, 14, 5, 127, 63, 75, 11, 4099),
(429, 10, 2, 11, 7, 127, 63, 75, 2, 4108),
(430, 10, 2, 2, 5, 127, 63, 75, 10, 4118),
(431, 10, 2, 10, 5, 127, 63, 75, 8, 4128),
(432, 10, 2, 8, 2, 127, 63, 77, NULL, 4137),
(433, 10, 1, 5, 4, 127, 63, 77, NULL, 4147),
(434, 10, 1, 5, 5, 127, 63, 77, 7, 4156),
(435, 10, 1, 7, 5, 127, 63, 77, 5, 4166),
(436, 10, 1, 5, 7, 127, 63, 77, 12, 4176),
(437, 10, 1, 12, 7, 127, 63, 77, 10, 4185),
(438, 10, 1, 10, 5, 127, 63, 77, 7, 4195),
(439, 10, 1, 7, 3, 127, 66, 77, NULL, 4204),
(440, 10, 2, 11, 4, 127, 66, 77, NULL, 4214),
(441, 10, 2, 11, 1, 127, 66, 77, 0, 4224),
(442, 10, 1, 1, 4, 127, 66, 77, NULL, 4233),
(443, 10, 1, 1, 5, 127, 66, 77, 2, 4243),
(444, 10, 1, 2, 7, 127, 66, 77, 8, 4252),
(445, 10, 1, 8, 5, 127, 66, 77, 1, 4262),
(446, 10, 1, 1, 7, 127, 66, 77, 12, 4272),
(447, 10, 1, 12, 5, 127, 66, 77, 4, 4281),
(448, 10, 1, 4, 1, 127, 66, 77, 0, 4291),
(449, 10, 2, 12, 4, 127, 66, 77, NULL, 4300),
(450, 10, 2, 12, 5, 127, 66, 77, 14, 4310),
(451, 10, 2, 14, 7, 127, 66, 77, 2, 4320),
(452, 10, 2, 2, 3, 127, 66, 80, NULL, 4329),
(453, 10, 1, 6, 4, 127, 66, 80, NULL, 4339),
(454, 10, 1, 6, 7, 127, 66, 80, 10, 4348),
(455, 10, 1, 10, 1, 127, 66, 80, 0, 4358),
(456, 10, 2, 10, 4, 127, 66, 80, NULL, 4368),
(457, 10, 2, 10, 7, 127, 66, 80, 4, 4377),
(458, 10, 2, 4, 5, 127, 66, 80, 10, 4387),
(459, 10, 2, 10, 3, 127, 66, 83, NULL, 4396),
(460, 10, 1, 2, 4, 127, 66, 83, NULL, 4406),
(461, 10, 1, 2, 7, 127, 66, 83, 10, 4416),
(462, 10, 1, 10, 5, 127, 66, 83, 5, 4425),
(463, 10, 1, 5, 5, 127, 66, 83, 6, 4435),
(464, 10, 1, 6, 2, 127, 68, 83, NULL, 4444),
(465, 10, 2, 12, 4, 127, 68, 83, NULL, 4454),
(466, 10, 2, 12, 1, 127, 68, 83, 0, 4464),
(467, 10, 1, 3, 4, 127, 68, 83, NULL, 4473),
(468, 10, 1, 3, 7, 127, 68, 83, 13, 4483),
(469, 10, 1, 13, 7, 127, 68, 83, 8, 4492),
(470, 10, 1, 8, 1, 127, 68, 83, 0, 4502),
(471, 10, 2, 13, 4, 127, 68, 83, NULL, 4512),
(472, 10, 2, 13, 5, 127, 68, 83, 12, 4521),
(473, 10, 2, 12, 7, 127, 68, 83, 2, 4531),
(474, 10, 2, 2, 5, 127, 68, 83, 11, 4540),
(475, 10, 2, 11, 5, 127, 68, 83, 14, 4550),
(476, 10, 2, 14, 1, 127, 68, 83, 0, 4559),
(477, 10, 1, 6, 4, 127, 68, 83, NULL, 4569),
(478, 10, 1, 6, 5, 127, 68, 83, 5, 4579),
(479, 10, 1, 5, 7, 127, 68, 83, 12, 4588),
(480, 10, 1, 12, 7, 127, 68, 83, 14, 4598),
(481, 10, 1, 14, 7, 127, 68, 83, 13, 4608),
(482, 10, 1, 13, 3, 127, 71, 83, NULL, 4617),
(483, 10, 2, 12, 4, 127, 71, 83, NULL, 4627),
(484, 10, 2, 12, 5, 127, 71, 83, 13, 4636),
(485, 10, 2, 13, 7, 127, 71, 83, 4, 4646),
(486, 10, 2, 4, 3, 127, 71, 86, NULL, 4656),
(487, 10, 1, 7, 4, 127, 71, 86, NULL, 4665),
(488, 10, 1, 7, 1, 127, 71, 86, 0, 4675),
(489, 10, 2, 14, 4, 127, 71, 86, NULL, 4684),
(490, 10, 2, 14, 5, 127, 71, 86, 12, 4694),
(491, 10, 2, 12, 3, 127, 71, 89, NULL, 4704),
(492, 10, 1, 5, 4, 127, 71, 89, NULL, 4713),
(493, 10, 1, 5, 5, 127, 71, 89, 4, 4723),
(494, 10, 1, 4, 7, 127, 71, 89, 11, 4732),
(495, 10, 1, 11, 1, 127, 71, 89, 0, 4742),
(496, 10, 2, 9, 4, 127, 71, 89, NULL, 4752),
(497, 10, 2, 9, 7, 127, 71, 89, 7, 4761),
(498, 10, 2, 7, 2, 127, 71, 91, NULL, 4771),
(499, 10, 1, 1, 4, 127, 71, 91, NULL, 4780),
(500, 10, 1, 1, 7, 127, 71, 91, 8, 4790),
(501, 10, 0, 0, 8, 127, 71, 91, 0, 4800);

-- --------------------------------------------------------

--
-- Структура таблицы `players`
--

CREATE TABLE IF NOT EXISTS `players` (
  `id` int(11) NOT NULL AUTO_INCREMENT,
  `name` varchar(255) COLLATE utf8_unicode_ci NOT NULL,
  `nation_id` int(11) NOT NULL,
  `team_id` int(11) NOT NULL,
  `age` tinyint(4) NOT NULL COMMENT 'Возраст',
  `height` tinyint(4) NOT NULL COMMENT 'Рост',
  `weight` tinyint(4) NOT NULL COMMENT 'Вес',
  `physical_form` tinyint(4) NOT NULL DEFAULT '0' COMMENT 'Физическая форма',
  `strength` tinyint(4) NOT NULL DEFAULT '0' COMMENT 'Сила',
  `aggression` tinyint(4) NOT NULL DEFAULT '0' COMMENT 'Агрессия',
  `speed` tinyint(4) NOT NULL DEFAULT '0' COMMENT 'Скорость',
  `creativity` tinyint(4) NOT NULL DEFAULT '0' COMMENT 'Креативность',
  `pass` tinyint(4) NOT NULL DEFAULT '0' COMMENT 'Передача',
  `dribbling` tinyint(4) NOT NULL DEFAULT '0' COMMENT 'Дриблинг',
  `strike` tinyint(4) NOT NULL DEFAULT '0' COMMENT 'Удар',
  `reaction` tinyint(4) NOT NULL DEFAULT '0' COMMENT 'Реакция',
  `tackling` tinyint(4) NOT NULL DEFAULT '0' COMMENT 'Отбор мяча',
  `custody` tinyint(4) NOT NULL DEFAULT '0' COMMENT 'Опёка',
  PRIMARY KEY (`id`),
  KEY `team_id` (`team_id`)
) ENGINE=InnoDB  DEFAULT CHARSET=utf8 COLLATE=utf8_unicode_ci AUTO_INCREMENT=15 ;

--
-- Дамп данных таблицы `players`
--

INSERT INTO `players` (`id`, `name`, `nation_id`, `team_id`, `age`, `height`, `weight`, `physical_form`, `strength`, `aggression`, `speed`, `creativity`, `pass`, `dribbling`, `strike`, `reaction`, `tackling`, `custody`) VALUES
(1, 'Donald I. Her', 1, 1, 20, 127, 80, 100, 15, 50, 60, 30, 40, 10, 40, 60, 70, 30),
(2, 'Carmine C. Carmichael', 1, 1, 24, 127, 75, 70, 59, 65, 36, 43, 57, 67, 37, 62, 99, 69),
(3, 'James D. Friese', 1, 1, 21, 127, 77, 0, 28, 45, 76, 1, 30, 32, 68, 75, 84, 75),
(4, 'Kevin M. McAnally', 1, 1, 21, 127, 84, 74, 100, 57, 83, 17, 90, 45, 32, 0, 1, 78),
(5, 'Bryan S. Araujo', 1, 1, 19, 127, 88, 73, 7, 5, 33, 38, 6, 8, 40, 27, 90, 75),
(6, 'Jorge M. Mitchell', 1, 1, 19, 127, 72, 32, 74, 49, 39, 53, 28, 19, 87, 15, 41, 16),
(7, 'Ronald P. Griffin', 1, 1, 24, 127, 76, 87, 72, 63, 8, 50, 54, 86, 46, 38, 58, 94),
(8, 'Benjamin M. Peters', 1, 2, 24, 127, 90, 13, 98, 2, 10, 70, 11, 99, 76, 95, 5, 20),
(9, 'Seymour K. Mayes', 1, 2, 23, 127, 74, 44, 46, 77, 34, 45, 7, 82, 80, 31, 22, 27),
(10, 'Pedro T. Jackson', 1, 2, 24, 127, 73, 63, 65, 32, 18, 26, 89, 41, 69, 12, 53, 36),
(11, 'James I. Hale', 1, 2, 25, 127, 89, 5, 1, 4, 91, 42, 72, 7, 25, 73, 95, 17),
(12, 'Frank N. Richmond', 1, 2, 20, 127, 75, 87, 65, 4, 42, 64, 41, 41, 23, 34, 94, 61),
(13, 'Michael M. Dixon', 1, 2, 24, 127, 89, 87, 44, 22, 29, 10, 61, 92, 89, 3, 86, 48),
(14, 'Steven D. Zellers', 1, 2, 25, 127, 85, 58, 52, 19, 64, 11, 66, 23, 43, 26, 55, 39);

-- --------------------------------------------------------

--
-- Структура таблицы `teams`
--

CREATE TABLE IF NOT EXISTS `teams` (
  `id` int(11) NOT NULL AUTO_INCREMENT,
  `name` varchar(255) COLLATE utf8_unicode_ci NOT NULL COMMENT 'Название',
  `fans` int(11) NOT NULL COMMENT 'Число болельщиков',
  `level` smallint(6) NOT NULL COMMENT 'Уровень клубо',
  PRIMARY KEY (`id`)
) ENGINE=InnoDB  DEFAULT CHARSET=utf8 COLLATE=utf8_unicode_ci AUTO_INCREMENT=3 ;

--
-- Дамп данных таблицы `teams`
--

INSERT INTO `teams` (`id`, `name`, `fans`, `level`) VALUES
(1, 'Test Team', 1000, 1),
(2, 'Second Team', 2000, 1);

--
-- Ограничения внешнего ключа сохраненных таблиц
--

--
-- Ограничения внешнего ключа таблицы `players`
--
ALTER TABLE `players`
  ADD CONSTRAINT `players_ibfk_1` FOREIGN KEY (`team_id`) REFERENCES `teams` (`id`);

/*!40101 SET CHARACTER_SET_CLIENT=@OLD_CHARACTER_SET_CLIENT */;
/*!40101 SET CHARACTER_SET_RESULTS=@OLD_CHARACTER_SET_RESULTS */;
/*!40101 SET COLLATION_CONNECTION=@OLD_COLLATION_CONNECTION */;
